Relative Path,File Name,Assert Location (Line Number),Assert Count
numpy-git/numpy/distutils/unixccompiler.py,unixccompiler.py,,0
numpy-git/numpy/distutils/numpy_distribution.py,numpy_distribution.py,,0
numpy-git/numpy/distutils/conv_template.py,conv_template.py,,0
numpy-git/numpy/distutils/cpuinfo.py,cpuinfo.py,,0
numpy-git/numpy/distutils/ccompiler.py,ccompiler.py,,0
numpy-git/numpy/distutils/msvc9compiler.py,msvc9compiler.py,,0
numpy-git/numpy/distutils/npy_pkg_config.py,npy_pkg_config.py,,0
numpy-git/numpy/distutils/misc_util.py,misc_util.py,"144,192,267,269,1000,1063,1170,1182,1296,1345,1504,1884",12
numpy-git/numpy/distutils/log.py,log.py,,0
numpy-git/numpy/distutils/line_endings.py,line_endings.py,,0
numpy-git/numpy/distutils/checks/cpu_avx512_skx.c,cpu_avx512_skx.c,,0
numpy-git/numpy/distutils/checks/cpu_f16c.c,cpu_f16c.c,,0
numpy-git/numpy/distutils/checks/extra_vsx4_mma.c,extra_vsx4_mma.c,,0
numpy-git/numpy/distutils/checks/extra_avx512f_reduce.c,extra_avx512f_reduce.c,,0
numpy-git/numpy/distutils/checks/cpu_ssse3.c,cpu_ssse3.c,,0
numpy-git/numpy/distutils/checks/cpu_sse42.c,cpu_sse42.c,,0
numpy-git/numpy/distutils/checks/cpu_sse3.c,cpu_sse3.c,,0
numpy-git/numpy/distutils/checks/cpu_xop.c,cpu_xop.c,,0
numpy-git/numpy/distutils/checks/cpu_vsx.c,cpu_vsx.c,,0
numpy-git/numpy/distutils/checks/cpu_avx512cd.c,cpu_avx512cd.c,,0
numpy-git/numpy/distutils/checks/cpu_neon_vfpv4.c,cpu_neon_vfpv4.c,,0
numpy-git/numpy/distutils/checks/cpu_asimddp.c,cpu_asimddp.c,,0
numpy-git/numpy/distutils/checks/extra_avx512bw_mask.c,extra_avx512bw_mask.c,,0
numpy-git/numpy/distutils/checks/cpu_avx.c,cpu_avx.c,,0
numpy-git/numpy/distutils/checks/cpu_sse41.c,cpu_sse41.c,,0
numpy-git/numpy/distutils/checks/cpu_vsx2.c,cpu_vsx2.c,,0
numpy-git/numpy/distutils/checks/cpu_vx.c,cpu_vx.c,,0
numpy-git/numpy/distutils/checks/cpu_avx512_knl.c,cpu_avx512_knl.c,,0
numpy-git/numpy/distutils/checks/cpu_popcnt.c,cpu_popcnt.c,,0
numpy-git/numpy/distutils/checks/cpu_sse.c,cpu_sse.c,,0
numpy-git/numpy/distutils/checks/cpu_neon.c,cpu_neon.c,,0
numpy-git/numpy/distutils/checks/extra_avx512dq_mask.c,extra_avx512dq_mask.c,,0
numpy-git/numpy/distutils/checks/cpu_avx512f.c,cpu_avx512f.c,,0
numpy-git/numpy/distutils/checks/cpu_vxe2.c,cpu_vxe2.c,,0
numpy-git/numpy/distutils/checks/cpu_avx2.c,cpu_avx2.c,,0
numpy-git/numpy/distutils/checks/cpu_neon_fp16.c,cpu_neon_fp16.c,,0
numpy-git/numpy/distutils/checks/cpu_vsx3.c,cpu_vsx3.c,,0
numpy-git/numpy/distutils/checks/cpu_fma4.c,cpu_fma4.c,,0
numpy-git/numpy/distutils/checks/cpu_avx512_knm.c,cpu_avx512_knm.c,,0
numpy-git/numpy/distutils/checks/cpu_avx512_cnl.c,cpu_avx512_cnl.c,,0
numpy-git/numpy/distutils/checks/cpu_asimd.c,cpu_asimd.c,,0
numpy-git/numpy/distutils/checks/cpu_vxe.c,cpu_vxe.c,,0
numpy-git/numpy/distutils/checks/extra_vsx_asm.c,extra_vsx_asm.c,,0
numpy-git/numpy/distutils/checks/cpu_asimdfhm.c,cpu_asimdfhm.c,,0
numpy-git/numpy/distutils/checks/cpu_asimdhp.c,cpu_asimdhp.c,,0
numpy-git/numpy/distutils/checks/cpu_avx512_clx.c,cpu_avx512_clx.c,,0
numpy-git/numpy/distutils/checks/cpu_avx512_icl.c,cpu_avx512_icl.c,,0
numpy-git/numpy/distutils/checks/cpu_sse2.c,cpu_sse2.c,,0
numpy-git/numpy/distutils/checks/cpu_fma3.c,cpu_fma3.c,,0
numpy-git/numpy/distutils/checks/cpu_vsx4.c,cpu_vsx4.c,,0
numpy-git/numpy/distutils/checks/test_flags.c,test_flags.c,,0
numpy-git/numpy/distutils/lib2def.py,lib2def.py,,0
numpy-git/numpy/distutils/pathccompiler.py,pathccompiler.py,,0
numpy-git/numpy/distutils/system_info.py,system_info.py,"737,1010,1023",3
numpy-git/numpy/distutils/__init__.py,__init__.py,,0
numpy-git/numpy/distutils/core.py,core.py,,0
numpy-git/numpy/distutils/exec_command.py,exec_command.py,113,1
numpy-git/numpy/distutils/from_template.py,from_template.py,,0
numpy-git/numpy/distutils/mingw32ccompiler.py,mingw32ccompiler.py,,0
numpy-git/numpy/distutils/mingw/gfortran_vs2003_hack.c,gfortran_vs2003_hack.c,,0
numpy-git/numpy/distutils/fcompiler/gnu.py,gnu.py,255,1
numpy-git/numpy/distutils/fcompiler/compaq.py,compaq.py,,0
numpy-git/numpy/distutils/fcompiler/intel.py,intel.py,25,1
numpy-git/numpy/distutils/fcompiler/none.py,none.py,,0
numpy-git/numpy/distutils/fcompiler/nag.py,nag.py,,0
numpy-git/numpy/distutils/fcompiler/pg.py,pg.py,,0
numpy-git/numpy/distutils/fcompiler/ibm.py,ibm.py,,0
numpy-git/numpy/distutils/fcompiler/sun.py,sun.py,,0
numpy-git/numpy/distutils/fcompiler/nv.py,nv.py,,0
numpy-git/numpy/distutils/fcompiler/lahey.py,lahey.py,,0
numpy-git/numpy/distutils/fcompiler/__init__.py,__init__.py,"245,272,294,423,592",5
numpy-git/numpy/distutils/fcompiler/g95.py,g95.py,,0
numpy-git/numpy/distutils/fcompiler/arm.py,arm.py,,0
numpy-git/numpy/distutils/fcompiler/mips.py,mips.py,,0
numpy-git/numpy/distutils/fcompiler/hpux.py,hpux.py,,0
numpy-git/numpy/distutils/fcompiler/environment.py,environment.py,,0
numpy-git/numpy/distutils/fcompiler/pathf95.py,pathf95.py,,0
numpy-git/numpy/distutils/fcompiler/fujitsu.py,fujitsu.py,,0
numpy-git/numpy/distutils/fcompiler/absoft.py,absoft.py,,0
numpy-git/numpy/distutils/fcompiler/vast.py,vast.py,,0
numpy-git/numpy/distutils/setup.py,setup.py,,0
numpy-git/numpy/distutils/extension.py,extension.py,,0
numpy-git/numpy/distutils/msvccompiler.py,msvccompiler.py,,0
numpy-git/numpy/distutils/armccompiler.py,armccompiler.py,,0
numpy-git/numpy/distutils/intelccompiler.py,intelccompiler.py,,0
numpy-git/numpy/distutils/command/build.py,build.py,,0
numpy-git/numpy/distutils/command/config_compiler.py,config_compiler.py,,0
numpy-git/numpy/distutils/command/build_ext.py,build_ext.py,,0
numpy-git/numpy/distutils/command/config.py,config.py,,0
numpy-git/numpy/distutils/command/install_headers.py,install_headers.py,,0
numpy-git/numpy/distutils/command/build_py.py,build_py.py,,0
numpy-git/numpy/distutils/command/build_src.py,build_src.py,,0
numpy-git/numpy/distutils/command/__init__.py,__init__.py,11,1
numpy-git/numpy/distutils/command/sdist.py,sdist.py,,0
numpy-git/numpy/distutils/command/build_scripts.py,build_scripts.py,,0
numpy-git/numpy/distutils/command/bdist_rpm.py,bdist_rpm.py,,0
numpy-git/numpy/distutils/command/install_clib.py,install_clib.py,,0
numpy-git/numpy/distutils/command/build_clib.py,build_clib.py,,0
numpy-git/numpy/distutils/command/autodist.py,autodist.py,,0
numpy-git/numpy/distutils/command/egg_info.py,egg_info.py,,0
numpy-git/numpy/distutils/command/install.py,install.py,,0
numpy-git/numpy/distutils/command/develop.py,develop.py,,0
numpy-git/numpy/distutils/command/install_data.py,install_data.py,,0
numpy-git/numpy/distutils/_shell_utils.py,_shell_utils.py,"68,71",2
numpy-git/numpy/distutils/ccompiler_opt.py,ccompiler_opt.py,"601,602,613,1053,1066,1097,1254,1260,1281,1351,1393,1427,1558,1559,1575,1596,1646,1648,1915,2511",20
numpy-git/numpy/conftest.py,conftest.py,,0
numpy-git/numpy/compat/py3k.py,py3k.py,,0
numpy-git/numpy/compat/_pep440.py,_pep440.py,,0
numpy-git/numpy/compat/__init__.py,__init__.py,,0
numpy-git/numpy/compat/setup.py,setup.py,,0
numpy-git/numpy/compat/_inspect.py,_inspect.py,,0
numpy-git/numpy/core/umath.py,umath.py,,0
numpy-git/numpy/core/fromnumeric.py,fromnumeric.py,,0
numpy-git/numpy/core/feature_detection_math.h,feature_detection_math.h,,0
numpy-git/numpy/core/feature_detection_stdio.h,feature_detection_stdio.h,,0
numpy-git/numpy/core/_dtype.py,_dtype.py,,0
numpy-git/numpy/core/_add_newdocs.py,_add_newdocs.py,,0
numpy-git/numpy/core/_methods.py,_methods.py,,0
numpy-git/numpy/core/_internal.py,_internal.py,,0
numpy-git/numpy/core/npymath.ini.in,npymath.ini.in,,0
numpy-git/numpy/core/_string_helpers.py,_string_helpers.py,,0
numpy-git/numpy/core/multiarray.py,multiarray.py,,0
numpy-git/numpy/core/_asarray.py,_asarray.py,,0
numpy-git/numpy/core/include/numpy/ndarrayobject.h,ndarrayobject.h,,0
numpy-git/numpy/core/include/numpy/utils.h,utils.h,,0
numpy-git/numpy/core/include/numpy/npy_1_7_deprecated_api.h,npy_1_7_deprecated_api.h,,0
numpy-git/numpy/core/include/numpy/oldnumeric.h,oldnumeric.h,,0
numpy-git/numpy/core/include/numpy/experimental_dtype_api.h,experimental_dtype_api.h,,0
numpy-git/numpy/core/include/numpy/libdivide/libdivide.h,libdivide.h,,0
numpy-git/numpy/core/include/numpy/libdivide/LICENSE.txt,LICENSE.txt,,0
numpy-git/numpy/core/include/numpy/old_defines.h,old_defines.h,,0
numpy-git/numpy/core/include/numpy/ufuncobject.h,ufuncobject.h,,0
numpy-git/numpy/core/include/numpy/npy_common.h,npy_common.h,,0
numpy-git/numpy/core/include/numpy/npy_cpu.h,npy_cpu.h,,0
numpy-git/numpy/core/include/numpy/.doxyfile,.doxyfile,,0
numpy-git/numpy/core/include/numpy/ndarraytypes.h,ndarraytypes.h,,0
numpy-git/numpy/core/include/numpy/npy_no_deprecated_api.h,npy_no_deprecated_api.h,,0
numpy-git/numpy/core/include/numpy/npy_3kcompat.h,npy_3kcompat.h,,0
numpy-git/numpy/core/include/numpy/npy_os.h,npy_os.h,,0
numpy-git/numpy/core/include/numpy/npy_endian.h,npy_endian.h,,0
numpy-git/numpy/core/include/numpy/npy_interrupt.h,npy_interrupt.h,,0
numpy-git/numpy/core/include/numpy/_neighborhood_iterator_imp.h,_neighborhood_iterator_imp.h,,0
numpy-git/numpy/core/include/numpy/numpyconfig.h,numpyconfig.h,,0
numpy-git/numpy/core/include/numpy/arrayscalars.h,arrayscalars.h,,0
numpy-git/numpy/core/include/numpy/random/distributions.h,distributions.h,,0
numpy-git/numpy/core/include/numpy/random/bitgen.h,bitgen.h,,0
numpy-git/numpy/core/include/numpy/npy_math.h,npy_math.h,,0
numpy-git/numpy/core/include/numpy/halffloat.h,halffloat.h,,0
numpy-git/numpy/core/include/numpy/arrayobject.h,arrayobject.h,,0
numpy-git/numpy/core/include/numpy/noprefix.h,noprefix.h,,0
numpy-git/numpy/core/mlib.ini.in,mlib.ini.in,,0
numpy-git/numpy/core/records.py,records.py,,0
numpy-git/numpy/core/_add_newdocs_scalars.py,_add_newdocs_scalars.py,,0
numpy-git/numpy/core/__init__.py,__init__.py,,0
numpy-git/numpy/core/_machar.py,_machar.py,,0
numpy-git/numpy/core/setup_common.py,setup_common.py,,0
numpy-git/numpy/core/memmap.py,memmap.py,,0
numpy-git/numpy/core/overrides.py,overrides.py,119,1
numpy-git/numpy/core/getlimits.py,getlimits.py,,0
numpy-git/numpy/core/_dtype_ctypes.py,_dtype_ctypes.py,,0
numpy-git/numpy/core/defchararray.py,defchararray.py,,0
numpy-git/numpy/core/shape_base.py,shape_base.py,,0
numpy-git/numpy/core/setup.py,setup.py,,0
numpy-git/numpy/core/code_generators/generate_ufunc_api.py,generate_ufunc_api.py,,0
numpy-git/numpy/core/code_generators/generate_numpy_api.py,generate_numpy_api.py,,0
numpy-git/numpy/core/code_generators/generate_umath_doc.py,generate_umath_doc.py,,0
numpy-git/numpy/core/code_generators/__init__.py,__init__.py,,0
numpy-git/numpy/core/code_generators/genapi.py,genapi.py,,0
numpy-git/numpy/core/code_generators/generate_umath.py,generate_umath.py,"86,89",2
numpy-git/numpy/core/code_generators/ufunc_docstrings.py,ufunc_docstrings.py,"53,55,57",3
numpy-git/numpy/core/code_generators/cversions.txt,cversions.txt,,0
numpy-git/numpy/core/code_generators/numpy_api.py,numpy_api.py,,0
numpy-git/numpy/core/numeric.py,numeric.py,"1645,1655,1670",3
numpy-git/numpy/core/function_base.py,function_base.py,,0
numpy-git/numpy/core/einsumfunc.py,einsumfunc.py,,0
numpy-git/numpy/core/umath_tests.py,umath_tests.py,,0
numpy-git/numpy/core/_ufunc_config.py,_ufunc_config.py,,0
numpy-git/numpy/core/_exceptions.py,_exceptions.py,"27,44",2
numpy-git/numpy/core/numerictypes.py,numerictypes.py,,0
numpy-git/numpy/core/feature_detection_locale.h,feature_detection_locale.h,,0
numpy-git/numpy/core/_type_aliases.py,_type_aliases.py,,0
numpy-git/numpy/core/cversions.py,cversions.py,,0
numpy-git/numpy/core/feature_detection_misc.h,feature_detection_misc.h,,0
numpy-git/numpy/core/arrayprint.py,arrayprint.py,,0
numpy-git/numpy/core/src/npysort/npysort_common.h,npysort_common.h,,0
numpy-git/numpy/core/src/npysort/x86-qsort.dispatch.cpp,x86-qsort.dispatch.cpp,,0
numpy-git/numpy/core/src/npysort/x86-qsort.h,x86-qsort.h,,0
numpy-git/numpy/core/src/npysort/radixsort.cpp,radixsort.cpp,,0
numpy-git/numpy/core/src/npysort/heapsort.cpp,heapsort.cpp,,0
numpy-git/numpy/core/src/npysort/timsort.cpp,timsort.cpp,,0
numpy-git/numpy/core/src/npysort/binsearch.cpp,binsearch.cpp,,0
numpy-git/numpy/core/src/npysort/selection.cpp,selection.cpp,,0
numpy-git/numpy/core/src/npysort/mergesort.cpp,mergesort.cpp,,0
numpy-git/numpy/core/src/npysort/quicksort.cpp,quicksort.cpp,,0
numpy-git/numpy/core/src/dummymodule.c,dummymodule.c,,0
numpy-git/numpy/core/src/multiarray/hashdescr.c,hashdescr.c,,0
numpy-git/numpy/core/src/multiarray/strfuncs.c,strfuncs.c,,0
numpy-git/numpy/core/src/multiarray/experimental_public_dtype_api.c,experimental_public_dtype_api.c,,0
numpy-git/numpy/core/src/multiarray/nditer_templ.c.src,nditer_templ.c.src,,0
numpy-git/numpy/core/src/multiarray/arrayfunction_override.c,arrayfunction_override.c,"16,415,416",3
numpy-git/numpy/core/src/multiarray/common.c,common.c,212,1
numpy-git/numpy/core/src/multiarray/item_selection.c,item_selection.c,"1666,2344",2
numpy-git/numpy/core/src/multiarray/datetime_strings.c,datetime_strings.c,,0
numpy-git/numpy/core/src/multiarray/scalarapi.c,scalarapi.c,,0
numpy-git/numpy/core/src/multiarray/dtype_transfer.h,dtype_transfer.h,"61,95",2
numpy-git/numpy/core/src/multiarray/calculation.h,calculation.h,,0
numpy-git/numpy/core/src/multiarray/buffer.c,buffer.c,"150,152,407,480,498",5
numpy-git/numpy/core/src/multiarray/getset.h,getset.h,,0
numpy-git/numpy/core/src/multiarray/vdot.c,vdot.c,,0
numpy-git/numpy/core/src/multiarray/einsum_debug.h,einsum_debug.h,,0
numpy-git/numpy/core/src/multiarray/_multiarray_tests.c.src,_multiarray_tests.c.src,739,1
numpy-git/numpy/core/src/multiarray/convert_datatype.h,convert_datatype.h,,0
numpy-git/numpy/core/src/multiarray/argfunc.dispatch.c.src,argfunc.dispatch.c.src,,0
numpy-git/numpy/core/src/multiarray/scalartypes.h,scalartypes.h,,0
numpy-git/numpy/core/src/multiarray/multiarraymodule.c,multiarraymodule.c,"446,491,561,596",4
numpy-git/numpy/core/src/multiarray/sequence.c,sequence.c,,0
numpy-git/numpy/core/src/multiarray/nditer_api.c,nditer_api.c,"2051,2230,2243",3
numpy-git/numpy/core/src/multiarray/array_assign_array.c,array_assign_array.c,,0
numpy-git/numpy/core/src/multiarray/datetime_busdaycal.c,datetime_busdaycal.c,,0
numpy-git/numpy/core/src/multiarray/ctors.h,ctors.h,,0
numpy-git/numpy/core/src/multiarray/abstractdtypes.c,abstractdtypes.c,"26,65,79,221",4
numpy-git/numpy/core/src/multiarray/convert.c,convert.c,,0
numpy-git/numpy/core/src/multiarray/iterators.c,iterators.c,1762,1
numpy-git/numpy/core/src/multiarray/arraytypes.h.src,arraytypes.h.src,,0
numpy-git/numpy/core/src/multiarray/mapping.h,mapping.h,,0
numpy-git/numpy/core/src/multiarray/number.c,number.c,,0
numpy-git/numpy/core/src/multiarray/refcount.c,refcount.c,"78,140,351",3
numpy-git/numpy/core/src/multiarray/npy_buffer.h,npy_buffer.h,,0
numpy-git/numpy/core/src/multiarray/descriptor.h,descriptor.h,,0
numpy-git/numpy/core/src/multiarray/dragon4.c,dragon4.c,,0
numpy-git/numpy/core/src/multiarray/array_coercion.c,array_coercion.c,"229,523,618,725,1073,1185,1188,1193,1304,1372,1451",11
numpy-git/numpy/core/src/multiarray/temp_elide.c,temp_elide.c,,0
numpy-git/numpy/core/src/multiarray/methods.c,methods.c,"1140,1141",2
numpy-git/numpy/core/src/multiarray/datetime_busday.h,datetime_busday.h,,0
numpy-git/numpy/core/src/multiarray/usertypes.h,usertypes.h,,0
numpy-git/numpy/core/src/multiarray/dtypemeta.c,dtypemeta.c,"27,93,94,131,518,545",6
numpy-git/numpy/core/src/multiarray/lowlevel_strided_loops.c.src,lowlevel_strided_loops.c.src,"135,136,221,222,865,866,1511,1525,1526,1534,1535,1656,1677,1679,1687,1689",16
numpy-git/numpy/core/src/multiarray/typeinfo.c,typeinfo.c,,0
numpy-git/numpy/core/src/multiarray/array_method.c,array_method.c,,0
numpy-git/numpy/core/src/multiarray/nditer_pywrap.h,nditer_pywrap.h,,0
numpy-git/numpy/core/src/multiarray/shape.h,shape.h,,0
numpy-git/numpy/core/src/multiarray/alloc.c,alloc.c,"77,79,114,263,327,425,494",7
numpy-git/numpy/core/src/multiarray/common_dtype.c,common_dtype.c,120,1
numpy-git/numpy/core/src/multiarray/_datetime.h,_datetime.h,,0
numpy-git/numpy/core/src/multiarray/conversion_utils.c,conversion_utils.c,,0
numpy-git/numpy/core/src/multiarray/arrayobject.c,arrayobject.c,"256,275",2
numpy-git/numpy/core/src/multiarray/compiled_base.h,compiled_base.h,,0
numpy-git/numpy/core/src/multiarray/legacy_dtype_implementation.h,legacy_dtype_implementation.h,,0
numpy-git/numpy/core/src/multiarray/flagsobject.c,flagsobject.c,,0
numpy-git/numpy/core/src/multiarray/vdot.h,vdot.h,,0
numpy-git/numpy/core/src/multiarray/getset.c,getset.c,,0
numpy-git/numpy/core/src/multiarray/dtype_transfer.c,dtype_transfer.c,"1121,1210,3030,3031,3064,3160,3199,3261,3273,3517",10
numpy-git/numpy/core/src/multiarray/calculation.c,calculation.c,,0
numpy-git/numpy/core/src/multiarray/arraytypes.c.src,arraytypes.c.src,"118,256,2315,2331,2418,2497,2525,2538",8
numpy-git/numpy/core/src/multiarray/arrayfunction_override.h,arrayfunction_override.h,,0
numpy-git/numpy/core/src/multiarray/einsum_sumprod.c.src,einsum_sumprod.c.src,,0
numpy-git/numpy/core/src/multiarray/experimental_public_dtype_api.h,experimental_public_dtype_api.h,,0
numpy-git/numpy/core/src/multiarray/einsum_sumprod.h,einsum_sumprod.h,,0
numpy-git/numpy/core/src/multiarray/datetime_strings.h,datetime_strings.h,,0
numpy-git/numpy/core/src/multiarray/item_selection.h,item_selection.h,,0
numpy-git/numpy/core/src/multiarray/common.h,common.h,,0
numpy-git/numpy/core/src/multiarray/hashdescr.h,hashdescr.h,,0
numpy-git/numpy/core/src/multiarray/strfuncs.h,strfuncs.h,,0
numpy-git/numpy/core/src/multiarray/sequence.h,sequence.h,,0
numpy-git/numpy/core/src/multiarray/array_assign_scalar.c,array_assign_scalar.c,,0
numpy-git/numpy/core/src/multiarray/dlpack.c,dlpack.c,"46,73",2
numpy-git/numpy/core/src/multiarray/multiarraymodule.h,multiarraymodule.h,,0
numpy-git/numpy/core/src/multiarray/nditer_constr.c,nditer_constr.c,"1984,2574",2
numpy-git/numpy/core/src/multiarray/convert_datatype.c,convert_datatype.c,"421,424,1035,1912,2318,2369,2406,2407,2516,2609,2610,2676,2791,3426",14
numpy-git/numpy/core/src/multiarray/temp_elide.h,temp_elide.h,,0
numpy-git/numpy/core/src/multiarray/array_coercion.h,array_coercion.h,,0
numpy-git/numpy/core/src/multiarray/einsum.c.src,einsum.c.src,,0
numpy-git/numpy/core/src/multiarray/dragon4.h,dragon4.h,,0
numpy-git/numpy/core/src/multiarray/refcount.h,refcount.h,,0
numpy-git/numpy/core/src/multiarray/mapping.c,mapping.c,,0
numpy-git/numpy/core/src/multiarray/number.h,number.h,,0
numpy-git/numpy/core/src/multiarray/descriptor.c,descriptor.c,"733,1829,1962",3
numpy-git/numpy/core/src/multiarray/abstractdtypes.h,abstractdtypes.h,,0
numpy-git/numpy/core/src/multiarray/nditer_impl.h,nditer_impl.h,,0
numpy-git/numpy/core/src/multiarray/ctors.c,ctors.c,"486,487,497,520,526,596,597,1696,1749,1768,1791,1846,1856,1857",14
numpy-git/numpy/core/src/multiarray/iterators.h,iterators.h,,0
numpy-git/numpy/core/src/multiarray/convert.h,convert.h,,0
numpy-git/numpy/core/src/multiarray/datetime_busdaycal.h,datetime_busdaycal.h,,0
numpy-git/numpy/core/src/multiarray/can_cast_table.h,can_cast_table.h,,0
numpy-git/numpy/core/src/multiarray/conversion_utils.h,conversion_utils.h,,0
numpy-git/numpy/core/src/multiarray/legacy_dtype_implementation.c,legacy_dtype_implementation.c,,0
numpy-git/numpy/core/src/multiarray/compiled_base.c,compiled_base.c,1188,1
numpy-git/numpy/core/src/multiarray/arrayobject.h,arrayobject.h,,0
numpy-git/numpy/core/src/multiarray/shape.c,shape.c,,0
numpy-git/numpy/core/src/multiarray/common_dtype.h,common_dtype.h,,0
numpy-git/numpy/core/src/multiarray/alloc.h,alloc.h,,0
numpy-git/numpy/core/src/multiarray/array_method.h,array_method.h,,0
numpy-git/numpy/core/src/multiarray/typeinfo.h,typeinfo.h,,0
numpy-git/numpy/core/src/multiarray/nditer_pywrap.c,nditer_pywrap.c,,0
numpy-git/numpy/core/src/multiarray/scalartypes.c.src,scalartypes.c.src,,0
numpy-git/numpy/core/src/multiarray/datetime_busday.c,datetime_busday.c,,0
numpy-git/numpy/core/src/multiarray/methods.h,methods.h,,0
numpy-git/numpy/core/src/multiarray/dtypemeta.h,dtypemeta.h,,0
numpy-git/numpy/core/src/multiarray/datetime.c,datetime.c,"45,52,59,66,568,587,2951,3368,3784,3786,3896,3915,3956,4003,4062",15
numpy-git/numpy/core/src/multiarray/usertypes.c,usertypes.c,,0
numpy-git/numpy/core/src/multiarray/textreading/str_to_int.c,str_to_int.c,,0
numpy-git/numpy/core/src/multiarray/textreading/rows.c,rows.c,"36,191,195,314,438",5
numpy-git/numpy/core/src/multiarray/textreading/field_types.c,field_types.c,"15,51,65",3
numpy-git/numpy/core/src/multiarray/textreading/growth.c,growth.c,21,1
numpy-git/numpy/core/src/multiarray/textreading/conversions.h,conversions.h,,0
numpy-git/numpy/core/src/multiarray/textreading/tokenize.cpp,tokenize.cpp,"256,289,290,336,348",5
numpy-git/numpy/core/src/multiarray/textreading/readtext.c,readtext.c,,0
numpy-git/numpy/core/src/multiarray/textreading/tokenize.h,tokenize.h,,0
numpy-git/numpy/core/src/multiarray/textreading/stream.h,stream.h,,0
numpy-git/numpy/core/src/multiarray/textreading/stream_pyobject.h,stream_pyobject.h,,0
numpy-git/numpy/core/src/multiarray/textreading/conversions.c,conversions.c,,0
numpy-git/numpy/core/src/multiarray/textreading/growth.h,growth.h,,0
numpy-git/numpy/core/src/multiarray/textreading/rows.h,rows.h,,0
numpy-git/numpy/core/src/multiarray/textreading/str_to_int.h,str_to_int.h,,0
numpy-git/numpy/core/src/multiarray/textreading/field_types.h,field_types.h,,0
numpy-git/numpy/core/src/multiarray/textreading/readtext.h,readtext.h,,0
numpy-git/numpy/core/src/multiarray/textreading/stream_pyobject.c,stream_pyobject.c,,0
numpy-git/numpy/core/src/multiarray/textreading/parser_config.h,parser_config.h,,0
numpy-git/numpy/core/src/npymath/ieee754.c.src,ieee754.c.src,,0
numpy-git/numpy/core/src/npymath/halffloat.c,halffloat.c,433,1
numpy-git/numpy/core/src/npymath/npy_math.c,npy_math.c,,0
numpy-git/numpy/core/src/npymath/npy_math_private.h,npy_math_private.h,,0
numpy-git/numpy/core/src/npymath/_signbit.c,_signbit.c,,0
numpy-git/numpy/core/src/npymath/npy_math_common.h,npy_math_common.h,,0
numpy-git/numpy/core/src/npymath/npy_math_complex.c.src,npy_math_complex.c.src,,0
numpy-git/numpy/core/src/npymath/npy_math_internal.h.src,npy_math_internal.h.src,,0
numpy-git/numpy/core/src/_simd/_simd_arg.inc,_simd_arg.inc,"13,43",2
numpy-git/numpy/core/src/_simd/_simd_inc.h.src,_simd_inc.h.src,,0
numpy-git/numpy/core/src/_simd/_simd_data.inc.src,_simd_data.inc.src,,0
numpy-git/numpy/core/src/_simd/_simd.h,_simd.h,,0
numpy-git/numpy/core/src/_simd/_simd.dispatch.c.src,_simd.dispatch.c.src,,0
numpy-git/numpy/core/src/_simd/_simd_vector.inc,_simd_vector.inc,"108,140",2
numpy-git/numpy/core/src/_simd/_simd_easyintrin.inc,_simd_easyintrin.inc,,0
numpy-git/numpy/core/src/_simd/_simd_convert.inc,_simd_convert.inc,"14,31,55,86,167,193",6
numpy-git/numpy/core/src/_simd/_simd.c,_simd.c,,0
numpy-git/numpy/core/src/common/npy_cpu_features.c.src,npy_cpu_features.c.src,,0
numpy-git/numpy/core/src/common/npy_fpmath.h,npy_fpmath.h,,0
numpy-git/numpy/core/src/common/npy_cblas.h,npy_cblas.h,,0
numpy-git/numpy/core/src/common/numpyos.c,numpyos.c,87,1
numpy-git/numpy/core/src/common/npy_cblas_base.h,npy_cblas_base.h,,0
numpy-git/numpy/core/src/common/npy_ctypes.h,npy_ctypes.h,,0
numpy-git/numpy/core/src/common/npy_hashtable.h,npy_hashtable.h,,0
numpy-git/numpy/core/src/common/npy_import.h,npy_import.h,,0
numpy-git/numpy/core/src/common/ufunc_override.c,ufunc_override.c,,0
numpy-git/numpy/core/src/common/cblasfuncs.h,cblasfuncs.h,,0
numpy-git/numpy/core/src/common/array_assign.c,array_assign.c,,0
numpy-git/numpy/core/src/common/get_attr_string.h,get_attr_string.h,,0
numpy-git/numpy/core/src/common/umathmodule.h,umathmodule.h,,0
numpy-git/numpy/core/src/common/numpy_tag.h,numpy_tag.h,,0
numpy-git/numpy/core/src/common/dlpack/dlpack.h,dlpack.h,,0
numpy-git/numpy/core/src/common/mem_overlap.c,mem_overlap.c,"213,214,266",3
numpy-git/numpy/core/src/common/npy_cpu_features.h,npy_cpu_features.h,,0
numpy-git/numpy/core/src/common/npy_longdouble.h,npy_longdouble.h,,0
numpy-git/numpy/core/src/common/simd/avx2/utils.h,utils.h,,0
numpy-git/numpy/core/src/common/simd/avx2/avx2.h,avx2.h,,0
numpy-git/numpy/core/src/common/simd/avx2/operators.h,operators.h,,0
numpy-git/numpy/core/src/common/simd/avx2/misc.h,misc.h,,0
numpy-git/numpy/core/src/common/simd/avx2/conversion.h,conversion.h,,0
numpy-git/numpy/core/src/common/simd/avx2/reorder.h,reorder.h,,0
numpy-git/numpy/core/src/common/simd/avx2/math.h,math.h,,0
numpy-git/numpy/core/src/common/simd/avx2/memory.h,memory.h,"77,152,163,172,183,196,197,213,231,240,252,277",12
numpy-git/numpy/core/src/common/simd/avx2/arithmetic.h,arithmetic.h,,0
numpy-git/numpy/core/src/common/simd/sse/utils.h,utils.h,,0
numpy-git/numpy/core/src/common/simd/sse/operators.h,operators.h,,0
numpy-git/numpy/core/src/common/simd/sse/misc.h,misc.h,,0
numpy-git/numpy/core/src/common/simd/sse/conversion.h,conversion.h,,0
numpy-git/numpy/core/src/common/simd/sse/reorder.h,reorder.h,,0
numpy-git/numpy/core/src/common/simd/sse/math.h,math.h,,0
numpy-git/numpy/core/src/common/simd/sse/memory.h,memory.h,"153,201,221,243,256,303,333,355,367,390,403,428",12
numpy-git/numpy/core/src/common/simd/sse/sse.h,sse.h,,0
numpy-git/numpy/core/src/common/simd/sse/arithmetic.h,arithmetic.h,,0
numpy-git/numpy/core/src/common/simd/avx512/utils.h,utils.h,,0
numpy-git/numpy/core/src/common/simd/avx512/operators.h,operators.h,,0
numpy-git/numpy/core/src/common/simd/avx512/misc.h,misc.h,,0
numpy-git/numpy/core/src/common/simd/avx512/avx512.h,avx512.h,,0
numpy-git/numpy/core/src/common/simd/avx512/conversion.h,conversion.h,,0
numpy-git/numpy/core/src/common/simd/avx512/reorder.h,reorder.h,,0
numpy-git/numpy/core/src/common/simd/avx512/maskop.h,maskop.h,,0
numpy-git/numpy/core/src/common/simd/avx512/math.h,math.h,,0
numpy-git/numpy/core/src/common/simd/avx512/memory.h,memory.h,"99,129,160,168,175,183,194,195,212,231,238,248,249,260",14
numpy-git/numpy/core/src/common/simd/avx512/arithmetic.h,arithmetic.h,,0
numpy-git/numpy/core/src/common/simd/emulate_maskop.h,emulate_maskop.h,,0
numpy-git/numpy/core/src/common/simd/simd.h,simd.h,,0
numpy-git/numpy/core/src/common/simd/intdiv.h,intdiv.h,"86,106,134",3
numpy-git/numpy/core/src/common/simd/neon/neon.h,neon.h,,0
numpy-git/numpy/core/src/common/simd/neon/operators.h,operators.h,,0
numpy-git/numpy/core/src/common/simd/neon/misc.h,misc.h,,0
numpy-git/numpy/core/src/common/simd/neon/conversion.h,conversion.h,,0
numpy-git/numpy/core/src/common/simd/neon/reorder.h,reorder.h,,0
numpy-git/numpy/core/src/common/simd/neon/math.h,math.h,,0
numpy-git/numpy/core/src/common/simd/neon/memory.h,memory.h,"140,161,178,199,215,234,247,263",8
numpy-git/numpy/core/src/common/simd/neon/arithmetic.h,arithmetic.h,,0
numpy-git/numpy/core/src/common/simd/simd_utils.h,simd_utils.h,,0
numpy-git/numpy/core/src/common/simd/vsx/vsx.h,vsx.h,,0
numpy-git/numpy/core/src/common/simd/vsx/operators.h,operators.h,,0
numpy-git/numpy/core/src/common/simd/vsx/misc.h,misc.h,,0
numpy-git/numpy/core/src/common/simd/vsx/conversion.h,conversion.h,,0
numpy-git/numpy/core/src/common/simd/vsx/reorder.h,reorder.h,,0
numpy-git/numpy/core/src/common/simd/vsx/math.h,math.h,,0
numpy-git/numpy/core/src/common/simd/vsx/memory.h,memory.h,"150,174,190,213,228,247,260,276",8
numpy-git/numpy/core/src/common/simd/vsx/arithmetic.h,arithmetic.h,,0
numpy-git/numpy/core/src/common/npy_argparse.h,npy_argparse.h,,0
numpy-git/numpy/core/src/common/ucsnarrow.h,ucsnarrow.h,,0
numpy-git/numpy/core/src/common/.doxyfile,.doxyfile,,0
numpy-git/numpy/core/src/common/npy_svml.h,npy_svml.h,,0
numpy-git/numpy/core/src/common/npy_hashtable.c,npy_hashtable.c,"98,126,142",3
numpy-git/numpy/core/src/common/numpyos.h,numpyos.h,,0
numpy-git/numpy/core/src/common/npy_pycompat.h,npy_pycompat.h,,0
numpy-git/numpy/core/src/common/array_assign.h,array_assign.h,,0
numpy-git/numpy/core/src/common/cblasfuncs.c,cblasfuncs.c,,0
numpy-git/numpy/core/src/common/npy_cpuinfo_parser.h,npy_cpuinfo_parser.h,,0
numpy-git/numpy/core/src/common/templ_common.h.src,templ_common.h.src,,0
numpy-git/numpy/core/src/common/python_xerbla.c,python_xerbla.c,,0
numpy-git/numpy/core/src/common/ufunc_override.h,ufunc_override.h,,0
numpy-git/numpy/core/src/common/npy_longdouble.c,npy_longdouble.c,,0
numpy-git/numpy/core/src/common/npy_sort.h.src,npy_sort.h.src,,0
numpy-git/numpy/core/src/common/mem_overlap.h,mem_overlap.h,,0
numpy-git/numpy/core/src/common/npy_cpu_dispatch.h,npy_cpu_dispatch.h,,0
numpy-git/numpy/core/src/common/binop_override.h,binop_override.h,,0
numpy-git/numpy/core/src/common/ucsnarrow.c,ucsnarrow.c,,0
numpy-git/numpy/core/src/common/npy_dlpack.h,npy_dlpack.h,,0
numpy-git/numpy/core/src/common/npy_config.h,npy_config.h,,0
numpy-git/numpy/core/src/common/lowlevel_strided_loops.h,lowlevel_strided_loops.h,"433,464,465,680",4
numpy-git/numpy/core/src/common/npy_extint128.h,npy_extint128.h,"237,293,309",3
numpy-git/numpy/core/src/common/npy_argparse.c,npy_argparse.c,"361,397",2
numpy-git/numpy/core/src/umath/extobj.c,extobj.c,,0
numpy-git/numpy/core/src/umath/matmul.h.src,matmul.h.src,,0
numpy-git/numpy/core/src/umath/legacy_array_method.c,legacy_array_method.c,"200,201",2
numpy-git/numpy/core/src/umath/ufunc_object.c,ufunc_object.c,"1220,1238,1422,1972,2226,2495,2836,3057,3474,3583,4385",11
numpy-git/numpy/core/src/umath/loops_hyperbolic.dispatch.c.src,loops_hyperbolic.dispatch.c.src,361,1
numpy-git/numpy/core/src/umath/dispatching.h,dispatching.h,,0
numpy-git/numpy/core/src/umath/_umath_tests.dispatch.c,_umath_tests.dispatch.c,,0
numpy-git/numpy/core/src/umath/_scaled_float_dtype.c,_scaled_float_dtype.c,,0
numpy-git/numpy/core/src/umath/loops_trigonometric.dispatch.c.src,loops_trigonometric.dispatch.c.src,212,1
numpy-git/numpy/core/src/umath/loops_exponent_log.dispatch.c.src,loops_exponent_log.dispatch.c.src,1348,1
numpy-git/numpy/core/src/umath/npy_simd_data.h,npy_simd_data.h,,0
numpy-git/numpy/core/src/umath/fast_loop_macros.h,fast_loop_macros.h,,0
numpy-git/numpy/core/src/umath/simd.inc.src,simd.inc.src,588,1
numpy-git/numpy/core/src/umath/loops_arithmetic.dispatch.c.src,loops_arithmetic.dispatch.c.src,,0
numpy-git/numpy/core/src/umath/wrapping_array_method.c,wrapping_array_method.c,149,1
numpy-git/numpy/core/src/umath/loops.c.src,loops.c.src,,0
numpy-git/numpy/core/src/umath/reduction.c,reduction.c,"189,245",2
numpy-git/numpy/core/src/umath/_operand_flag_tests.c,_operand_flag_tests.c,,0
numpy-git/numpy/core/src/umath/override.c,override.c,183,1
numpy-git/numpy/core/src/umath/scalarmath.c.src,scalarmath.c.src,,0
numpy-git/numpy/core/src/umath/ufunc_type_resolution.h,ufunc_type_resolution.h,,0
numpy-git/numpy/core/src/umath/dispatching.c,dispatching.c,"229,854,918,946,948",5
numpy-git/numpy/core/src/umath/loops.h.src,loops.h.src,,0
numpy-git/numpy/core/src/umath/ufunc_object.h,ufunc_object.h,,0
numpy-git/numpy/core/src/umath/legacy_array_method.h,legacy_array_method.h,,0
numpy-git/numpy/core/src/umath/funcs.inc.src,funcs.inc.src,,0
numpy-git/numpy/core/src/umath/extobj.h,extobj.h,,0
numpy-git/numpy/core/src/umath/umathmodule.c,umathmodule.c,,0
numpy-git/numpy/core/src/umath/clip.cpp,clip.cpp,,0
numpy-git/numpy/core/src/umath/loops_minmax.dispatch.c.src,loops_minmax.dispatch.c.src,,0
numpy-git/numpy/core/src/umath/loops_utils.h.src,loops_utils.h.src,159,1
numpy-git/numpy/core/src/umath/_umath_tests.c.src,_umath_tests.c.src,279,1
numpy-git/numpy/core/src/umath/matmul.c.src,matmul.c.src,"93,94,106,125,130,140,152",7
numpy-git/numpy/core/src/umath/loops_arithm_fp.dispatch.c.src,loops_arithm_fp.dispatch.c.src,,0
numpy-git/numpy/core/src/umath/ufunc_type_resolution.c,ufunc_type_resolution.c,1812,1
numpy-git/numpy/core/src/umath/override.h,override.h,,0
numpy-git/numpy/core/src/umath/reduction.h,reduction.h,,0
numpy-git/numpy/core/src/umath/loops_umath_fp.dispatch.c.src,loops_umath_fp.dispatch.c.src,"99,128",2
numpy-git/numpy/core/src/umath/loops_unary_fp.dispatch.c.src,loops_unary_fp.dispatch.c.src,278,1
numpy-git/numpy/version.py,version.py,,0
numpy-git/numpy/linalg/umath_linalg.cpp,umath_linalg.cpp,"1926,2388",2
numpy-git/numpy/linalg/__init__.py,__init__.py,,0
numpy-git/numpy/linalg/setup.py,setup.py,,0
numpy-git/numpy/linalg/linalg.py,linalg.py,2803,1
numpy-git/numpy/linalg/lapack_litemodule.c,lapack_litemodule.c,,0
numpy-git/numpy/linalg/lapack_lite/f2c_d_lapack.c,f2c_d_lapack.c,,0
numpy-git/numpy/linalg/lapack_lite/f2c.h,f2c.h,,0
numpy-git/numpy/linalg/lapack_lite/clapack_scrub.py,clapack_scrub.py,,0
numpy-git/numpy/linalg/lapack_lite/f2c_z_lapack.c,f2c_z_lapack.c,,0
numpy-git/numpy/linalg/lapack_lite/f2c_lapack.c,f2c_lapack.c,,0
numpy-git/numpy/linalg/lapack_lite/f2c_c_lapack.c,f2c_c_lapack.c,,0
numpy-git/numpy/linalg/lapack_lite/f2c_config.c,f2c_config.c,,0
numpy-git/numpy/linalg/lapack_lite/f2c.c,f2c.c,,0
numpy-git/numpy/linalg/lapack_lite/f2c_blas.c,f2c_blas.c,,0
numpy-git/numpy/linalg/lapack_lite/f2c_s_lapack.c,f2c_s_lapack.c,,0
numpy-git/numpy/linalg/lapack_lite/lapack_lite_names.h,lapack_lite_names.h,,0
numpy-git/numpy/linalg/lapack_lite/python_xerbla.c,python_xerbla.c,,0
numpy-git/numpy/linalg/lapack_lite/README.rst,README.rst,,0
numpy-git/numpy/linalg/lapack_lite/LICENSE.txt,LICENSE.txt,,0
numpy-git/numpy/linalg/lapack_lite/make_lite.py,make_lite.py,,0
numpy-git/numpy/linalg/lapack_lite/fortran.py,fortran.py,,0
numpy-git/numpy/linalg/lapack_lite/wrapped_routines,wrapped_routines,,0
numpy-git/numpy/ma/extras.py,extras.py,,0
numpy-git/numpy/ma/LICENSE,LICENSE,,0
numpy-git/numpy/ma/testutils.py,testutils.py,"87,89,100,104,117,121,173,192,225,237,251,265,274,285,287,288",16
numpy-git/numpy/ma/API_CHANGES.txt,API_CHANGES.txt,,0
numpy-git/numpy/ma/__init__.py,__init__.py,,0
numpy-git/numpy/ma/core.py,core.py,,0
numpy-git/numpy/ma/bench.py,bench.py,,0
numpy-git/numpy/ma/setup.py,setup.py,,0
numpy-git/numpy/ma/README.rst,README.rst,,0
numpy-git/numpy/ma/timer_comparison.py,timer_comparison.py,"80,98,137,139,140,148,164,165,184,189,191,202,203,207,209,211,224,225,226,228,233,234,235,248,250,256,258,264,266,272,274,280,288,305,306,307,317,318,319,329,330,331,385,387,392",45
numpy-git/numpy/ma/mrecords.py,mrecords.py,,0
numpy-git/numpy/__init__.cython-30.pxd,__init__.cython-30.pxd,,0
numpy-git/numpy/_version.py,_version.py,72,1
numpy-git/numpy/_globals.py,_globals.py,,0
numpy-git/numpy/_typing/_char_codes.py,_char_codes.py,,0
numpy-git/numpy/_typing/_extended_precision.py,_extended_precision.py,,0
numpy-git/numpy/_typing/_generic_alias.py,_generic_alias.py,,0
numpy-git/numpy/_typing/_nbit.py,_nbit.py,,0
numpy-git/numpy/_typing/__init__.py,__init__.py,,0
numpy-git/numpy/_typing/_dtype_like.py,_dtype_like.py,,0
numpy-git/numpy/_typing/setup.py,setup.py,,0
numpy-git/numpy/_typing/_array_like.py,_array_like.py,,0
numpy-git/numpy/_typing/_scalars.py,_scalars.py,,0
numpy-git/numpy/_typing/_shape.py,_shape.py,,0
numpy-git/numpy/_typing/_add_docstring.py,_add_docstring.py,,0
numpy-git/numpy/_typing/_nested_sequence.py,_nested_sequence.py,,0
numpy-git/numpy/__init__.pxd,__init__.pxd,,0
numpy-git/numpy/_pyinstaller/test_pyinstaller.py,test_pyinstaller.py,35,1
numpy-git/numpy/_pyinstaller/__init__.py,__init__.py,,0
numpy-git/numpy/_pyinstaller/hook-numpy.py,hook-numpy.py,,0
numpy-git/numpy/_pyinstaller/pyinstaller-smoke.py,pyinstaller-smoke.py,,0
numpy-git/numpy/__init__.py,__init__.py,,0
numpy-git/numpy/array_api/_constants.py,_constants.py,,0
numpy-git/numpy/array_api/_elementwise_functions.py,_elementwise_functions.py,,0
numpy-git/numpy/array_api/_sorting_functions.py,_sorting_functions.py,,0
numpy-git/numpy/array_api/_manipulation_functions.py,_manipulation_functions.py,,0
numpy-git/numpy/array_api/_searching_functions.py,_searching_functions.py,,0
numpy-git/numpy/array_api/_typing.py,_typing.py,,0
numpy-git/numpy/array_api/_utility_functions.py,_utility_functions.py,,0
numpy-git/numpy/array_api/_array_object.py,_array_object.py,,0
numpy-git/numpy/array_api/__init__.py,__init__.py,,0
numpy-git/numpy/array_api/_data_type_functions.py,_data_type_functions.py,,0
numpy-git/numpy/array_api/setup.py,setup.py,,0
numpy-git/numpy/array_api/_dtypes.py,_dtypes.py,,0
numpy-git/numpy/array_api/linalg.py,linalg.py,,0
numpy-git/numpy/array_api/_statistical_functions.py,_statistical_functions.py,,0
numpy-git/numpy/array_api/_set_functions.py,_set_functions.py,,0
numpy-git/numpy/array_api/_creation_functions.py,_creation_functions.py,,0
numpy-git/numpy/dual.py,dual.py,,0
numpy-git/numpy/_distributor_init.py,_distributor_init.py,,0
numpy-git/numpy/typing/__init__.py,__init__.py,,0
numpy-git/numpy/typing/mypy_plugin.py,mypy_plugin.py,,0
numpy-git/numpy/typing/setup.py,setup.py,,0
numpy-git/numpy/f2py/cfuncs.py,cfuncs.py,668,1
numpy-git/numpy/f2py/common_rules.py,common_rules.py,,0
numpy-git/numpy/f2py/crackfortran.py,crackfortran.py,"636,677,854,1143",4
numpy-git/numpy/f2py/cb_rules.py,cb_rules.py,,0
numpy-git/numpy/f2py/__init__.py,__init__.py,,0
numpy-git/numpy/f2py/rules.py,rules.py,,0
numpy-git/numpy/f2py/f2py2e.py,f2py2e.py,576,1
numpy-git/numpy/f2py/func2subr.py,func2subr.py,"79,185",2
numpy-git/numpy/f2py/__version__.py,__version__.py,,0
numpy-git/numpy/f2py/symbolic.py,symbolic.py,"163,169,170,171,175,176,177,180,184,185,187,190,193,194,198,202,204,205,206,209,211,214,217,220,593,840,1188,1189,1249,1323,1350,1389,1416,1498",34
numpy-git/numpy/f2py/diagnose.py,diagnose.py,,0
numpy-git/numpy/f2py/setup.py,setup.py,,0
numpy-git/numpy/f2py/capi_maps.py,capi_maps.py,,0
numpy-git/numpy/f2py/f90mod_rules.py,f90mod_rules.py,,0
numpy-git/numpy/f2py/setup.cfg,setup.cfg,,0
numpy-git/numpy/f2py/f2py_testing.py,f2py_testing.py,,0
numpy-git/numpy/f2py/use_rules.py,use_rules.py,,0
numpy-git/numpy/f2py/auxfuncs.py,auxfuncs.py,,0
numpy-git/numpy/f2py/__main__.py,__main__.py,,0
numpy-git/numpy/f2py/src/fortranobject.h,fortranobject.h,,0
numpy-git/numpy/f2py/src/fortranobject.c,fortranobject.c,,0
numpy-git/numpy/setup.py,setup.py,,0
numpy-git/numpy/ctypeslib.py,ctypeslib.py,,0
numpy-git/numpy/matlib.py,matlib.py,,0
numpy-git/numpy/lib/_iotools.py,_iotools.py,,0
numpy-git/numpy/lib/mixins.py,mixins.py,,0
numpy-git/numpy/lib/nanfunctions.py,nanfunctions.py,,0
numpy-git/numpy/lib/recfunctions.py,recfunctions.py,,0
numpy-git/numpy/lib/histograms.py,histograms.py,,0
numpy-git/numpy/lib/scimath.py,scimath.py,,0
numpy-git/numpy/lib/_version.py,_version.py,,0
numpy-git/numpy/lib/user_array.py,user_array.py,,0
numpy-git/numpy/lib/__init__.py,__init__.py,,0
numpy-git/numpy/lib/format.py,format.py,371,1
numpy-git/numpy/lib/twodim_base.py,twodim_base.py,,0
numpy-git/numpy/lib/index_tricks.py,index_tricks.py,,0
numpy-git/numpy/lib/npyio.py,npyio.py,,0
numpy-git/numpy/lib/shape_base.py,shape_base.py,,0
numpy-git/numpy/lib/setup.py,setup.py,,0
numpy-git/numpy/lib/stride_tricks.py,stride_tricks.py,,0
numpy-git/numpy/lib/utils.py,utils.py,,0
numpy-git/numpy/lib/arrayterator.py,arrayterator.py,,0
numpy-git/numpy/lib/function_base.py,function_base.py,,0
numpy-git/numpy/lib/arraysetops.py,arraysetops.py,,0
numpy-git/numpy/lib/arraypad.py,arraypad.py,,0
numpy-git/numpy/lib/type_check.py,type_check.py,,0
numpy-git/numpy/lib/polynomial.py,polynomial.py,,0
numpy-git/numpy/lib/_datasource.py,_datasource.py,,0
numpy-git/numpy/lib/ufunclike.py,ufunclike.py,,0
numpy-git/numpy/py.typed,py.typed,,0
numpy-git/numpy/fft/__init__.py,__init__.py,,0
numpy-git/numpy/fft/README.md,README.md,,0
numpy-git/numpy/fft/setup.py,setup.py,,0
numpy-git/numpy/fft/helper.py,helper.py,,0
numpy-git/numpy/fft/_pocketfft.c,_pocketfft.c,,0
numpy-git/numpy/fft/_pocketfft.py,_pocketfft.py,,0
numpy-git/numpy/doc/constants.py,constants.py,,0
numpy-git/numpy/doc/ufuncs.py,ufuncs.py,,0
numpy-git/numpy/doc/__init__.py,__init__.py,,0
numpy-git/numpy/_pytesttester.py,_pytesttester.py,,0
numpy-git/numpy/random/_bounded_integers.pxd.in,_bounded_integers.pxd.in,,0
numpy-git/numpy/random/_philox.pyx,_philox.pyx,,0
numpy-git/numpy/random/LICENSE.md,LICENSE.md,,0
numpy-git/numpy/random/_bounded_integers.pyx.in,_bounded_integers.pyx.in,,0
numpy-git/numpy/random/_common.pxd,_common.pxd,,0
numpy-git/numpy/random/_sfc64.pyx,_sfc64.pyx,,0
numpy-git/numpy/random/_mt19937.pyx,_mt19937.pyx,,0
numpy-git/numpy/random/bit_generator.pyx,bit_generator.pyx,386,1
numpy-git/numpy/random/c_distributions.pxd,c_distributions.pxd,,0
numpy-git/numpy/random/_pickle.py,_pickle.py,,0
numpy-git/numpy/random/__init__.pxd,__init__.pxd,,0
numpy-git/numpy/random/include/legacy-distributions.h,legacy-distributions.h,,0
numpy-git/numpy/random/include/aligned_malloc.h,aligned_malloc.h,,0
numpy-git/numpy/random/mtrand.pyx,mtrand.pyx,,0
numpy-git/numpy/random/__init__.py,__init__.py,,0
numpy-git/numpy/random/_generator.pyx,_generator.pyx,4517,1
numpy-git/numpy/random/setup.py,setup.py,,0
numpy-git/numpy/random/.gitignore,.gitignore,,0
numpy-git/numpy/random/_pcg64.pyx,_pcg64.pyx,,0
numpy-git/numpy/random/bit_generator.pxd,bit_generator.pxd,,0
numpy-git/numpy/random/_examples/cffi/parse.py,parse.py,,0
numpy-git/numpy/random/_examples/cffi/extending.py,extending.py,40,1
numpy-git/numpy/random/_examples/cython/extending_distributions.pyx,extending_distributions.pyx,,0
numpy-git/numpy/random/_examples/cython/setup.py,setup.py,,0
numpy-git/numpy/random/_examples/cython/extending.pyx,extending.pyx,,0
numpy-git/numpy/random/_examples/numba/extending.py,extending.py,"43,44",2
numpy-git/numpy/random/_examples/numba/extending_distributions.py,extending_distributions.py,,0
numpy-git/numpy/random/_common.pyx,_common.pyx,,0
numpy-git/numpy/random/src/mt19937/mt19937.c,mt19937.c,,0
numpy-git/numpy/random/src/mt19937/mt19937-test-data-gen.c,mt19937-test-data-gen.c,,0
numpy-git/numpy/random/src/mt19937/LICENSE.md,LICENSE.md,,0
numpy-git/numpy/random/src/mt19937/randomkit.h,randomkit.h,,0
numpy-git/numpy/random/src/mt19937/mt19937-jump.h,mt19937-jump.h,,0
numpy-git/numpy/random/src/mt19937/randomkit.c,randomkit.c,424,1
numpy-git/numpy/random/src/mt19937/mt19937.h,mt19937.h,,0
numpy-git/numpy/random/src/mt19937/mt19937-jump.c,mt19937-jump.c,,0
numpy-git/numpy/random/src/mt19937/mt19937-benchmark.c,mt19937-benchmark.c,,0
numpy-git/numpy/random/src/sfc64/LICENSE.md,LICENSE.md,,0
numpy-git/numpy/random/src/sfc64/sfc64.c,sfc64.c,,0
numpy-git/numpy/random/src/sfc64/sfc64.h,sfc64.h,,0
numpy-git/numpy/random/src/pcg64/LICENSE.md,LICENSE.md,,0
numpy-git/numpy/random/src/pcg64/pcg64.h,pcg64.h,,0
numpy-git/numpy/random/src/pcg64/pcg64.orig.h,pcg64.orig.h,,0
numpy-git/numpy/random/src/pcg64/pcg64.c,pcg64.c,,0
numpy-git/numpy/random/src/pcg64/pcg64-test-data-gen.c,pcg64-test-data-gen.c,,0
numpy-git/numpy/random/src/pcg64/pcg64.orig.c,pcg64.orig.c,,0
numpy-git/numpy/random/src/pcg64/pcg64-benchmark.c,pcg64-benchmark.c,,0
numpy-git/numpy/random/src/legacy/legacy-distributions.c,legacy-distributions.c,,0
numpy-git/numpy/random/src/philox/philox-benchmark.c,philox-benchmark.c,,0
numpy-git/numpy/random/src/philox/LICENSE.md,LICENSE.md,,0
numpy-git/numpy/random/src/philox/philox.c,philox.c,,0
numpy-git/numpy/random/src/philox/philox-test-data-gen.c,philox-test-data-gen.c,,0
numpy-git/numpy/random/src/philox/philox.h,philox.h,,0
numpy-git/numpy/random/src/splitmix64/LICENSE.md,LICENSE.md,,0
numpy-git/numpy/random/src/splitmix64/splitmix64.h,splitmix64.h,,0
numpy-git/numpy/random/src/splitmix64/splitmix64.orig.c,splitmix64.orig.c,,0
numpy-git/numpy/random/src/splitmix64/splitmix64.c,splitmix64.c,,0
numpy-git/numpy/random/src/distributions/logfactorial.c,logfactorial.c,,0
numpy-git/numpy/random/src/distributions/LICENSE.md,LICENSE.md,,0
numpy-git/numpy/random/src/distributions/random_mvhg_marginals.c,random_mvhg_marginals.c,,0
numpy-git/numpy/random/src/distributions/random_hypergeometric.c,random_hypergeometric.c,,0
numpy-git/numpy/random/src/distributions/logfactorial.h,logfactorial.h,,0
numpy-git/numpy/random/src/distributions/distributions.c,distributions.c,"1173,1265,1301,1338",4
numpy-git/numpy/random/src/distributions/ziggurat_constants.h,ziggurat_constants.h,,0
numpy-git/numpy/random/src/distributions/random_mvhg_count.c,random_mvhg_count.c,,0
numpy-git/numpy/matrixlib/__init__.py,__init__.py,,0
numpy-git/numpy/matrixlib/setup.py,setup.py,,0
numpy-git/numpy/matrixlib/defmatrix.py,defmatrix.py,,0
numpy-git/numpy/polynomial/laguerre.py,laguerre.py,,0
numpy-git/numpy/polynomial/_polybase.py,_polybase.py,,0
numpy-git/numpy/polynomial/polyutils.py,polyutils.py,,0
numpy-git/numpy/polynomial/__init__.py,__init__.py,,0
numpy-git/numpy/polynomial/setup.py,setup.py,,0
numpy-git/numpy/polynomial/hermite_e.py,hermite_e.py,,0
numpy-git/numpy/polynomial/chebyshev.py,chebyshev.py,,0
numpy-git/numpy/polynomial/polynomial.py,polynomial.py,,0
numpy-git/numpy/polynomial/legendre.py,legendre.py,,0
numpy-git/numpy/polynomial/hermite.py,hermite.py,,0
